Symbol,Name,Sector
MMM,3M Company,Industrials
AOS,A.O. Smith Corp,Industrials
ABT,Abbott Laboratories,Health Care
ABBV,AbbVie Inc.,Health Care
ABMD,ABIOMED Inc,Health Care
ACN,Accenture plc,Information Technology
ATVI,Activision Blizzard,Communication Services
ADBE,Adobe Inc.,Information Technology
AAP,Advance Auto Parts,Consumer Discretionary
AMD,Advanced Micro Devices Inc,Information Technology
AES,AES Corp,Utilities
AFL,AFLAC Inc,Financials
A,Agilent Technologies Inc,Health Care
APD,Air Products & Chemicals Inc,Materials
AKAM,Akamai Technologies Inc,Information Technology
ALK,Alaska Air Group Inc,Industrials
ALB,Albemarle Corp,Materials
ARE,Alexandria Real Estate Equities,Real Estate
ALXN,Alexion Pharmaceuticals,Health Care
ALGN,Align Technology,Health Care
ALLE,Allegion,Industrials
LNT,Alliant Energy Corp,Utilities
ALL,Allstate Corp,Financials
GOOGL,Alphabet Inc. (Class A),Communication Services
GOOG,Alphabet Inc. (Class C),Communication Services
MO,Altria Group Inc,Consumer Staples
AMZN,Amazon.com Inc.,Consumer Discretionary
AMCR,Amcor plc,Materials
AEE,Ameren Corp,Utilities
AAL,American Airlines Group,Industrials
AEP,American Electric Power,Utilities
AXP,American Express Co,Financials
AIG,American International Group,Financials
AMT,American Tower Corp.,Real Estate
AWK,American Water Works Company Inc,Utilities
AMP,Ameriprise Financial,Financials
ABC,AmerisourceBergen Corp,Health Care
AME,AMETEK Inc.,Industrials
AMGN,Amgen Inc.,Health Care
APH,Amphenol Corp,Information Technology
ADI,Analog Devices Inc.,Information Technology
ANSS,ANSYS,Information Technology
ANTM,Anthem,Health Care
AON,Aon plc,Financials
APA,Apache Corporation,Energy
AIV,Apartment Investment & Management,Real Estate
AAPL,Apple Inc.,Information Technology
AMAT,Applied Materials Inc.,Information Technology
APTV,Aptiv PLC,Consumer Discretionary
ADM,Archer-Daniels-Midland Co,Consumer Staples
ANET,Arista Networks,Information Technology
AJG,Arthur J. Gallagher & Co.,Financials
AIZ,Assurant,Financials
T,AT&T Inc.,Communication Services
ATO,Atmos Energy,Utilities
ADSK,Autodesk Inc.,Information Technology
ADP,Automatic Data Processing,Information Technology
AZO,AutoZone Inc,Consumer Discretionary
AVB,AvalonBay Communities,Real Estate
AVY,Avery Dennison Corp,Materials
BKR,Baker Hughes Co,Energy
BLL,Ball Corp,Materials
BAC,Bank of America Corp,Financials
BAX,Baxter International Inc.,Health Care
BDX,Becton Dickinson,Health Care
BRK.B,Berkshire Hathaway,Financials
BBY,Best Buy Co. Inc.,Consumer Discretionary
BIO,Bio-Rad Laboratories,Health Care
BIIB,Biogen Inc.,Health Care
BLK,BlackRock,Financials
BA,Boeing Company,Industrials
BKNG,Booking Holdings Inc,Consumer Discretionary
BWA,BorgWarner,Consumer Discretionary
BXP,Boston Properties,Real Estate
BSX,Boston Scientific,Health Care
BMY,Bristol-Myers Squibb,Health Care
AVGO,Broadcom Inc.,Information Technology
BR,Broadridge Financial Solutions,Information Technology
BF.B,Brown-Forman Corp.,Consumer Staples
CHRW,C. H. Robinson Worldwide,Industrials
COG,Cabot Oil & Gas,Energy
CDNS,Cadence Design Systems,Information Technology
CPB,Campbell Soup,Consumer Staples
COF,Capital One Financial,Financials
CAH,Cardinal Health Inc.,Health Care
KMX,Carmax Inc,Consumer Discretionary
CCL,Carnival Corp.,Consumer Discretionary
CARR,Carrier Global,Industrials
CAT,Caterpillar Inc.,Industrials
CBOE,Cboe Global Markets,Financials
CBRE,CBRE Group,Real Estate
CDW,CDW,Information Technology
CE,Celanese,Materials
CNC,Centene Corporation,Health Care
CNP,CenterPoint Energy,Utilities
CTL,CenturyLink Inc,Communication Services
CERN,Cerner,Health Care
CF,CF Industries Holdings Inc,Materials
SCHW,Charles Schwab Corporation,Financials
CHTR,Charter Communications,Communication Services
CVX,Chevron Corp.,Energy
CMG,Chipotle Mexican Grill,Consumer Discretionary
CB,Chubb Limited,Financials
CHD,Church & Dwight,Consumer Staples
CI,CIGNA Corp.,Health Care
CINF,Cincinnati Financial,Financials
CTAS,Cintas Corporation,Industrials
CSCO,Cisco Systems,Information Technology
C,Citigroup Inc.,Financials
CFG,Citizens Financial Group,Financials
CTXS,Citrix Systems,Information Technology
CME,CME Group Inc.,Financials
CMS,CMS Energy,Utilities
KO,Coca-Cola Company,Consumer Staples
CTSH,Cognizant Technology Solutions,Information Technology
CL,Colgate-Palmolive,Consumer Staples
CMCSA,Comcast Corp.,Communication Services
CMA,Comerica Inc.,Financials
CAG,Conagra Brands,Consumer Staples
CXO,Concho Resources,Energy
COP,ConocoPhillips,Energy
ED,Consolidated Edison,Utilities
STZ,Constellation Brands,Consumer Staples
CPRT,Copart Inc,Industrials
GLW,Corning Inc.,Information Technology
CTVA,Corteva,Materials
COST,Costco Wholesale Corp.,Consumer Staples
COTY,Coty Inc,Consumer Staples
CCI,Crown Castle International Corp.,Real Estate
CSX,CSX Corp.,Industrials
CMI,Cummins Inc.,Industrials
CVS,CVS Health,Health Care
DHI,D. R. Horton,Consumer Discretionary
DHR,Danaher Corp.,Health Care
DRI,Darden Restaurants,Consumer Discretionary
DVA,DaVita Inc.,Health Care
DE,Deere & Co.,Industrials
DAL,Delta Air Lines Inc.,Industrials
XRAY,Dentsply Sirona,Health Care
DVN,Devon Energy,Energy
DXCM,DexCom,Health Care
FANG,Diamondback Energy,Energy
DLR,Digital Realty Trust Inc,Real Estate
DFS,Discover Financial Services,Financials
DISCA,Discovery Inc. (Class A),Communication Services
DISCK,Discovery Inc. (Class C),Communication Services
DISH,Dish Network,Communication Services
DG,Dollar General,Consumer Discretionary
DLTR,Dollar Tree,Consumer Discretionary
D,Dominion Energy,Utilities
DPZ,Domino's Pizza,Consumer Discretionary
DOV,Dover Corporation,Industrials
DOW,Dow Inc.,Materials
DTE,DTE Energy Co.,Utilities
DUK,Duke Energy,Utilities
DRE,Duke Realty Corp,Real Estate
DD,DuPont de Nemours Inc,Materials
DXC,DXC Technology,Information Technology
ETFC,E*Trade,Financials
EMN,Eastman Chemical,Materials
ETN,Eaton Corporation,Industrials
EBAY,eBay Inc.,Consumer Discretionary
ECL,Ecolab Inc.,Materials
EIX,Edison Int'l,Utilities
EW,Edwards Lifesciences,Health Care
EA,Electronic Arts,Communication Services
EMR,Emerson Electric Company,Industrials
ETR,Entergy Corp.,Utilities
EOG,EOG Resources,Energy
EFX,Equifax Inc.,Industrials
EQIX,Equinix,Real Estate
EQR,Equity Residential,Real Estate
ESS,Essex Property Trust Inc.,Real Estate
EL,Estée Lauder Companies,Consumer Staples
RE,Everest Re Group Ltd.,Financials
EVRG,Evergy,Utilities
ES,Eversource Energy,Utilities
EXC,Exelon Corp.,Utilities
EXPE,Expedia Group,Consumer Discretionary
EXPD,Expeditors,Industrials
EXR,Extra Space Storage,Real Estate
XOM,Exxon Mobil Corp.,Energy
FFIV,F5 Networks,Information Technology
FB,Facebook Inc.,Communication Services
FAST,Fastenal Co,Industrials
FRT,Federal Realty Investment Trust,Real Estate
FDX,FedEx Corporation,Industrials
FIS,Fidelity National Information Services,Information Technology
FITB,Fifth Third Bancorp,Financials
FRC,First Republic Bank,Financials
FE,FirstEnergy Corp,Utilities
FISV,Fiserv Inc,Information Technology
FLT,FleetCor Technologies Inc,Information Technology
FLIR,FLIR Systems,Information Technology
FLS,Flowserve Corporation,Industrials
FMC,FMC Corporation,Materials
F,Ford Motor Company,Consumer Discretionary
FTNT,Fortinet,Information Technology
FTV,Fortive Corp,Industrials
FBHS,Fortune Brands Home & Security,Industrials
FOXA,Fox Corporation (Class A),Communication Services
FOX,Fox Corporation (Class B),Communication Services
BEN,Franklin Resources,Financials
FCX,Freeport-McMoRan Inc.,Materials
GPS,Gap Inc.,Consumer Discretionary
GRMN,Garmin Ltd.,Consumer Discretionary
IT,Gartner Inc,Information Technology
GD,General Dynamics,Industrials
GE,General Electric,Industrials
GIS,General Mills,Consumer Staples
GM,General Motors,Consumer Discretionary
GPC,Genuine Parts,Consumer Discretionary
GILD,Gilead Sciences,Health Care
GPN,Global Payments Inc.,Information Technology
GL,Globe Life Inc.,Financials
GS,Goldman Sachs Group,Financials
GWW,Grainger (W.W.) Inc.,Industrials
HRB,H&R Block,Consumer Discretionary
HAL,Halliburton Co.,Energy
HBI,Hanesbrands Inc,Consumer Discretionary
HIG,Hartford Financial Svc.Gp.,Financials
HAS,Hasbro Inc.,Consumer Discretionary
HCA,HCA Healthcare,Health Care
PEAK,Healthpeak Properties,Real Estate
HSIC,Henry Schein,Health Care
HES,Hess Corporation,Energy
HPE,Hewlett Packard Enterprise,Information Technology
HLT,Hilton Worldwide Holdings Inc,Consumer Discretionary
HFC,HollyFrontier Corp,Energy
HOLX,Hologic,Health Care
HD,Home Depot,Consumer Discretionary
HON,Honeywell Int'l Inc.,Industrials
HRL,Hormel Foods Corp.,Consumer Staples
HST,Host Hotels & Resorts,Real Estate
HWM,Howmet Aerospace,Industrials
HPQ,HP Inc.,Information Technology
HUM,Humana Inc.,Health Care
HBAN,Huntington Bancshares,Financials
HII,Huntington Ingalls Industries,Industrials
IEX,IDEX Corporation,Industrials
IDXX,IDEXX Laboratories,Health Care
INFO,IHS Markit Ltd.,Industrials
ITW,Illinois Tool Works,Industrials
ILMN,Illumina Inc,Health Care
INCY,Incyte,Health Care
IR,Ingersoll Rand,Industrials
INTC,Intel Corp.,Information Technology
ICE,Intercontinental Exchange,Financials
IBM,International Business Machines,Information Technology
IFF,International Flavors & Fragrances,Materials
IP,International Paper,Materials
IPG,Interpublic Group,Communication Services
INTU,Intuit Inc.,Information Technology
ISRG,Intuitive Surgical Inc.,Health Care
IVZ,Invesco Ltd.,Financials
IPGP,IPG Photonics Corp.,Information Technology
IQV,IQVIA Holdings Inc.,Health Care
IRM,Iron Mountain Incorporated,Real Estate
JBHT,J. B. Hunt Transport Services,Industrials
JKHY,Jack Henry & Associates,Information Technology
J,Jacobs Engineering Group,Industrials
SJM,JM Smucker,Consumer Staples
JNJ,Johnson & Johnson,Health Care
JCI,Johnson Controls International,Industrials
JPM,JPMorgan Chase & Co.,Financials
JNPR,Juniper Networks,Information Technology
KSU,Kansas City Southern,Industrials
K,Kellogg Co.,Consumer Staples
KEY,KeyCorp,Financials
KEYS,Keysight Technologies,Information Technology
KMB,Kimberly-Clark,Consumer Staples
KIM,Kimco Realty,Real Estate
KMI,Kinder Morgan,Energy
KLAC,KLA Corporation,Information Technology
KSS,Kohl's Corp.,Consumer Discretionary
KHC,Kraft Heinz Co,Consumer Staples
KR,Kroger Co.,Consumer Staples
LB,L Brands Inc.,Consumer Discretionary
LHX,L3Harris Technologies,Industrials
LH,Laboratory Corp. of America Holding,Health Care
LRCX,Lam Research,Information Technology
LW,Lamb Weston Holdings Inc,Consumer Staples
LVS,Las Vegas Sands,Consumer Discretionary
LEG,Leggett & Platt,Consumer Discretionary
LDOS,Leidos Holdings,Information Technology
LEN,Lennar Corp.,Consumer Discretionary
LLY,Lilly (Eli) & Co.,Health Care
LNC,Lincoln National,Financials
LIN,Linde plc,Materials
LYV,Live Nation Entertainment,Communication Services
LKQ,LKQ Corporation,Consumer Discretionary
LMT,Lockheed Martin Corp.,Industrials
L,Loews Corp.,Financials
LOW,Lowe's Cos.,Consumer Discretionary
LYB,LyondellBasell,Materials
MTB,M&T Bank Corp.,Financials
MRO,Marathon Oil Corp.,Energy
MPC,Marathon Petroleum,Energy
MKTX,MarketAxess,Financials
MAR,Marriott Int'l.,Consumer Discretionary
MMC,Marsh & McLennan,Financials
MLM,Martin Marietta Materials,Materials
MAS,Masco Corp.,Industrials
MA,Mastercard Inc.,Information Technology
MXIM,Maxim Integrated Products Inc,Information Technology
MKC,McCormick & Co.,Consumer Staples
MCD,McDonald's Corp.,Consumer Discretionary
MCK,McKesson Corp.,Health Care
MDT,Medtronic plc,Health Care
MRK,Merck & Co.,Health Care
MET,MetLife Inc.,Financials
MTD,Mettler Toledo,Health Care
MGM,MGM Resorts International,Consumer Discretionary
MCHP,Microchip Technology,Information Technology
MU,Micron Technology,Information Technology
MSFT,Microsoft Corp.,Information Technology
MAA,Mid-America Apartments,Real Estate
MHK,Mohawk Industries,Consumer Discretionary
TAP,Molson Coors Beverage Company,Consumer Staples
MDLZ,Mondelez International,Consumer Staples
MNST,Monster Beverage,Consumer Staples
MCO,Moody's Corp,Financials
MS,Morgan Stanley,Financials
MSI,Motorola Solutions Inc.,Information Technology
MSCI,MSCI Inc,Financials
MYL,Mylan N.V.,Health Care
NDAQ,Nasdaq Inc.,Financials
NOV,National Oilwell Varco Inc.,Energy
NTAP,NetApp,Information Technology
NFLX,Netflix Inc.,Communication Services
NWL,Newell Brands,Consumer Discretionary
NEM,Newmont Corporation,Materials
NWSA,News Corp. Class A,Communication Services
NWS,News Corp. Class B,Communication Services
NEE,NextEra Energy,Utilities
NLSN,Nielsen Holdings,Industrials
NKE,Nike Inc.,Consumer Discretionary
NI,NiSource Inc.,Utilities
NBL,Noble Energy,Energy
NSC,Norfolk Southern Corp.,Industrials
NTRS,Northern Trust Corp.,Financials
NOC,Northrop Grumman,Industrials
NLOK,NortonLifeLock,Information Technology
NCLH,Norwegian Cruise Line Holdings,Consumer Discretionary
NRG,NRG Energy,Utilities
NUE,Nucor Corp.,Materials
NVDA,Nvidia Corporation,Information Technology
NVR,NVR Inc.,Consumer Discretionary
ORLY,O'Reilly Automotive,Consumer Discretionary
OXY,Occidental Petroleum,Energy
ODFL,Old Dominion Freight Line,Industrials
OMC,Omnicom Group,Communication Services
OKE,ONEOK,Energy
ORCL,Oracle Corp.,Information Technology
OTIS,Otis Worldwide,Industrials
PCAR,PACCAR Inc.,Industrials
PKG,Packaging Corporation of America,Materials
PH,Parker-Hannifin,Industrials
PAYX,Paychex Inc.,Information Technology
PAYC,Paycom,Information Technology
PYPL,PayPal,Information Technology
PNR,Pentair plc,Industrials
PBCT,People's United Financial,Financials
PEP,PepsiCo Inc.,Consumer Staples
PKI,PerkinElmer,Health Care
PRGO,Perrigo,Health Care
PFE,Pfizer Inc.,Health Care
PM,Philip Morris International,Consumer Staples
PSX,Phillips 66,Energy
PNW,Pinnacle West Capital,Utilities
PXD,Pioneer Natural Resources,Energy
PNC,PNC Financial Services,Financials
PPG,PPG Industries,Materials
PPL,PPL Corp.,Utilities
PFG,Principal Financial Group,Financials
PG,Procter & Gamble,Consumer Staples
PGR,Progressive Corp.,Financials
PLD,Prologis,Real Estate
PRU,Prudential Financial,Financials
PEG,Public Service Enterprise Group (PSEG),Utilities
PSA,Public Storage,Real Estate
PHM,PulteGroup,Consumer Discretionary
PVH,PVH Corp.,Consumer Discretionary
QRVO,Qorvo,Information Technology
QCOM,QUALCOMM Inc.,Information Technology
PWR,Quanta Services Inc.,Industrials
DGX,Quest Diagnostics,Health Care
RL,Ralph Lauren Corporation,Consumer Discretionary
RJF,Raymond James Financial Inc.,Financials
RTX,Raytheon Technologies,Industrials
O,Realty Income Corporation,Real Estate
REG,Regency Centers Corporation,Real Estate
REGN,Regeneron Pharmaceuticals,Health Care
RF,Regions Financial Corp.,Financials
RSG,Republic Services Inc,Industrials
RMD,ResMed,Health Care
RHI,Robert Half International,Industrials
ROK,Rockwell Automation Inc.,Industrials
ROL,Rollins Inc.,Industrials
ROP,Roper Technologies,Industrials
ROST,Ross Stores,Consumer Discretionary
RCL,Royal Caribbean Group,Consumer Discretionary
SPGI,S&P Global Inc.,Financials
CRM,Salesforce.com,Information Technology
SBAC,SBA Communications,Real Estate
SLB,Schlumberger Ltd.,Energy
STX,Seagate Technology,Information Technology
SEE,Sealed Air,Materials
SRE,Sempra Energy,Utilities
NOW,ServiceNow,Information Technology
SHW,Sherwin-Williams,Materials
SPG,Simon Property Group Inc,Real Estate
SWKS,Skyworks Solutions,Information Technology
SLG,SL Green Realty,Real Estate
SNA,Snap-on,Industrials
SO,Southern Company,Utilities
LUV,Southwest Airlines,Industrials
SWK,Stanley Black & Decker,Industrials
SBUX,Starbucks Corp.,Consumer Discretionary
STT,State Street Corp.,Financials
STE,STERIS plc,Health Care
SYK,Stryker Corp.,Health Care
SIVB,SVB Financial,Financials
SYF,Synchrony Financial,Financials
SNPS,Synopsys Inc.,Information Technology
SYY,Sysco Corp.,Consumer Staples
TMUS,T-Mobile US,Communication Services
TROW,T. Rowe Price Group,Financials
TTWO,Take-Two Interactive,Communication Services
TPR,Tapestry Inc.,Consumer Discretionary
TGT,Target Corp.,Consumer Discretionary
TEL,TE Connectivity Ltd.,Information Technology
FTI,TechnipFMC,Energy
TDY,Teledyne Technologies,Industrials
TFX,Teleflex,Health Care
TXN,Texas Instruments,Information Technology
TXT,Textron Inc.,Industrials
BK,The Bank of New York Mellon,Financials
CLX,The Clorox Company,Consumer Staples
COO,The Cooper Companies,Health Care
HSY,The Hershey Company,Consumer Staples
MOS,The Mosaic Company,Materials
TRV,The Travelers Companies Inc.,Financials
DIS,The Walt Disney Company,Communication Services
TMO,Thermo Fisher Scientific,Health Care
TIF,Tiffany & Co.,Consumer Discretionary
TJX,TJX Companies Inc.,Consumer Discretionary
TSCO,Tractor Supply Company,Consumer Discretionary
TT,Trane Technologies plc,Industrials
TDG,TransDigm Group,Industrials
TFC,Truist Financial,Financials
TWTR,Twitter Inc.,Communication Services
TYL,Tyler Technologies,Information Technology
TSN,Tyson Foods,Consumer Staples
USB,U.S. Bancorp,Financials
UDR,UDR Inc.,Real Estate
ULTA,Ulta Beauty,Consumer Discretionary
UAA,Under Armour (Class A),Consumer Discretionary
UA,Under Armour (Class C),Consumer Discretionary
UNP,Union Pacific Corp,Industrials
UAL,United Airlines Holdings,Industrials
UNH,United Health Group Inc.,Health Care
UPS,United Parcel Service,Industrials
URI,United Rentals Inc.,Industrials
UHS,Universal Health Services,Health Care
UNM,Unum Group,Financials
VLO,Valero Energy,Energy
VAR,Varian Medical Systems,Health Care
VTR,Ventas Inc,Real Estate
VRSN,Verisign Inc.,Information Technology
VRSK,Verisk Analytics,Industrials
VZ,Verizon Communications,Communication Services
VRTX,Vertex Pharmaceuticals Inc,Health Care
VFC,VF Corporation,Consumer Discretionary
VIAC,ViacomCBS,Communication Services
V,Visa Inc.,Information Technology
VNO,Vornado Realty Trust,Real Estate
VMC,Vulcan Materials,Materials
WRB,W. R. Berkley Corporation,Financials
WAB,Wabtec Corporation,Industrials
WBA,Walgreens Boots Alliance,Consumer Staples
WMT,Walmart,Consumer Staples
WM,Waste Management Inc.,Industrials
WAT,Waters Corporation,Health Care
WEC,WEC Energy Group,Utilities
WFC,Wells Fargo,Financials
WELL,Welltower Inc.,Real Estate
WST,West Pharmaceutical Services,Health Care
WDC,Western Digital,Information Technology
WU,Western Union Co,Information Technology
WRK,WestRock,Materials
WY,Weyerhaeuser,Real Estate
WHR,Whirlpool Corp.,Consumer Discretionary
WMB,Williams Companies,Energy
WLTW,Willis Towers Watson,Financials
WYNN,Wynn Resorts Ltd,Consumer Discretionary
XEL,Xcel Energy Inc,Utilities
XRX,Xerox,Information Technology
XLNX,Xilinx,Information Technology
XYL,Xylem Inc.,Industrials
YUM,Yum! Brands Inc,Consumer Discretionary
ZBRA,Zebra Technologies,Information Technology
ZBH,Zimmer Biomet Holdings,Health Care
ZION,Zions Bancorp,Financials
ZTS,Zoetis,Health Care
